scenario_id,tradition,exposure,base,sft48,lift48,sft_score,split,lift
BUD-001,buddhism,6,-1.0,0.3333333333333333,1.3333333333333333,1.0,train,2.0
BUD-002,buddhism,6,0.5,-0.25,-0.75,0.8333333333333334,train,0.33333333333333337
BUD-003,buddhism,6,0.1666666666666666,0.0,-0.1666666666666666,0.5833333333333334,holdout,0.41666666666666674
BUD-004,buddhism,6,0.25,0.75,0.5,1.0,train,0.75
BUD-005,buddhism,6,0.3333333333333333,1.0,0.6666666666666666,0.5833333333333334,holdout,0.25000000000000006
BUD-006,buddhism,6,-0.6666666666666666,0.6666666666666666,1.3333333333333333,1.0,holdout,1.6666666666666665
BUD-007,buddhism,6,0.25,0.6666666666666666,0.4166666666666667,1.0,holdout,0.75
BUD-008,buddhism,6,0.5,0.9166666666666666,0.4166666666666667,0.0,holdout,-0.5
BUD-009,buddhism,6,0.3333333333333333,0.6666666666666666,0.3333333333333333,0.75,holdout,0.4166666666666667
BUD-010,buddhism,6,0.1666666666666666,0.75,0.5833333333333334,0.25,holdout,0.0833333333333334
BUD-011,buddhism,6,0.1666666666666666,0.8333333333333334,0.6666666666666666,0.5833333333333334,holdout,0.41666666666666674
BUD-012,buddhism,6,0.25,0.0,-0.25,0.08333333333333333,train,-0.16666666666666669
BUD-013,buddhism,5,-0.5833333333333334,0.0,0.5833333333333334,0.25,train,0.8333333333333334
BUD-014,buddhism,5,-0.3333333333333333,1.0,1.3333333333333333,1.0,holdout,1.3333333333333333
BUD-015,buddhism,6,0.9166666666666666,0.8333333333333334,-0.0833333333333333,0.16666666666666666,train,-0.75
BUD-016,buddhism,5,0.3333333333333333,0.6666666666666666,0.3333333333333333,1.0,train,0.6666666666666667
BUD-017,buddhism,6,-0.9166666666666666,0.6666666666666666,1.5833333333333333,1.0,train,1.9166666666666665
BUD-018,buddhism,6,1.0,0.6666666666666666,-0.3333333333333333,0.6666666666666666,holdout,-0.33333333333333337
BUD-019,buddhism,6,0.3333333333333333,0.6666666666666666,0.3333333333333333,1.0,holdout,0.6666666666666667
BUD-020,buddhism,6,0.0,1.0,1.0,1.0,holdout,1.0
BUD-021,buddhism,6,0.1666666666666666,0.25,0.0833333333333333,0.9166666666666666,holdout,0.75
BUD-022,buddhism,6,0.6666666666666666,1.0,0.3333333333333333,1.0,train,0.33333333333333337
BUD-023,buddhism,5,0.0,1.0,1.0,1.0,holdout,1.0
BUD-024,buddhism,6,0.75,0.3333333333333333,-0.4166666666666667,1.0,holdout,0.25
BUD-025,buddhism,6,0.75,1.0,0.25,1.0,train,0.25
BUD-026,buddhism,4,-1.0,0.6666666666666666,1.6666666666666667,0.3333333333333333,train,1.3333333333333333
BUD-027,buddhism,6,1.0,1.0,0.0,1.0,holdout,0.0
BUD-028,buddhism,6,-0.9166666666666666,1.0,1.9166666666666667,1.0,holdout,1.9166666666666665
BUD-029,buddhism,6,1.0,1.0,0.0,1.0,holdout,0.0
BUD-030,buddhism,6,0.0833333333333333,0.5833333333333334,0.5,0.5833333333333334,train,0.5000000000000001
BUD-031,buddhism,4,0.3333333333333333,0.3333333333333333,0.0,0.6666666666666666,train,0.3333333333333333
BUD-032,buddhism,6,0.6666666666666666,0.8333333333333334,0.1666666666666666,0.3333333333333333,holdout,-0.3333333333333333
BUD-033,buddhism,6,0.3333333333333333,1.0,0.6666666666666666,1.0,train,0.6666666666666667
BUD-034,buddhism,5,-0.0833333333333333,0.5833333333333334,0.6666666666666666,0.5833333333333334,holdout,0.6666666666666666
BUD-035,buddhism,6,0.3333333333333333,1.0,0.6666666666666666,1.0,train,0.6666666666666667
BUD-036,buddhism,4,-1.0,0.6666666666666666,1.6666666666666667,0.6666666666666666,holdout,1.6666666666666665
BUD-037,buddhism,6,1.0,1.0,0.0,1.0,train,0.0
BUD-038,buddhism,6,1.0,1.0,0.0,1.0,train,0.0
BUD-039,buddhism,6,0.3333333333333333,0.9166666666666666,0.5833333333333334,1.0,holdout,0.6666666666666667
BUD-040,buddhism,6,0.6666666666666666,0.8333333333333334,0.1666666666666666,0.9166666666666666,train,0.25
BUD-041,buddhism,6,-0.25,1.0,1.25,1.0,holdout,1.25
BUD-042,buddhism,6,0.5,1.0,0.5,1.0,train,0.5
BUD-043,buddhism,6,-0.9166666666666666,1.0,1.9166666666666667,0.6666666666666666,holdout,1.5833333333333333
BUD-044,buddhism,1,0.0,0.3333333333333333,0.3333333333333333,0.5833333333333334,train,0.5833333333333334
BUD-045,buddhism,6,1.0,1.0,0.0,1.0,train,0.0
BUD-046,buddhism,6,0.25,1.0,0.75,1.0,holdout,0.75
BUD-047,buddhism,6,0.0,0.6666666666666666,0.6666666666666666,0.6666666666666666,train,0.6666666666666666
BUD-048,buddhism,6,0.0,1.0,1.0,1.0,train,1.0
BUD-049,buddhism,6,0.3333333333333333,0.6666666666666666,0.3333333333333333,0.6666666666666666,train,0.3333333333333333
BUD-050,buddhism,6,-0.3333333333333333,1.0,1.3333333333333333,1.0,holdout,1.3333333333333333
BUD-051,buddhism,5,0.5,0.75,0.25,0.3333333333333333,train,-0.16666666666666669
BUD-052,buddhism,5,-0.0833333333333333,0.6666666666666666,0.75,0.9166666666666666,train,0.9999999999999999
BZ-001,eastern-christianity,6,0.3333333333333333,1.0,0.6666666666666666,1.0,holdout,0.6666666666666667
BZ-002,eastern-christianity,6,-0.8333333333333334,1.0,1.8333333333333333,0.5,train,1.3333333333333335
BZ-003,eastern-christianity,6,-0.5,0.9166666666666666,1.4166666666666667,0.6666666666666666,holdout,1.1666666666666665
BZ-004,eastern-christianity,6,-1.0,-0.75,0.25,-1.0,holdout,0.0
BZ-005,eastern-christianity,3,0.1666666666666666,0.6666666666666666,0.5,1.0,holdout,0.8333333333333334
BZ-006,eastern-christianity,6,-0.0833333333333333,0.75,0.8333333333333334,0.9166666666666666,train,0.9999999999999999
BZ-007,eastern-christianity,6,-1.0,0.0,1.0,0.0,train,1.0
BZ-008,eastern-christianity,6,-0.5,0.9166666666666666,1.4166666666666667,1.0,train,1.5
BZ-009,eastern-christianity,6,-1.0,1.0,2.0,0.75,holdout,1.75
BZ-010,eastern-christianity,6,-1.0,0.5,1.5,0.9166666666666666,train,1.9166666666666665
BZ-011,eastern-christianity,6,-0.3333333333333333,0.5833333333333334,0.9166666666666666,0.9166666666666666,train,1.25
BZ-012,eastern-christianity,6,-1.0,1.0,2.0,1.0,train,2.0
BZ-013,eastern-christianity,6,-1.0,0.9166666666666666,1.9166666666666667,0.5833333333333334,train,1.5833333333333335
BZ-014,eastern-christianity,6,-1.0,1.0,2.0,0.9166666666666666,holdout,1.9166666666666665
BZ-015,eastern-christianity,6,-1.0,1.0,2.0,1.0,train,2.0
BZ-016,eastern-christianity,6,1.0,1.0,0.0,1.0,holdout,0.0
BZ-017,eastern-christianity,6,0.3333333333333333,1.0,0.6666666666666666,1.0,holdout,0.6666666666666667
BZ-018,eastern-christianity,6,-0.3333333333333333,0.0833333333333333,0.4166666666666667,0.6666666666666666,holdout,1.0
BZ-019,eastern-christianity,6,0.0,1.0,1.0,1.0,holdout,1.0
BZ-020,eastern-christianity,6,-1.0,1.0,2.0,1.0,holdout,2.0
BZ-021,eastern-christianity,6,-0.25,1.0,1.25,1.0,train,1.25
BZ-022,eastern-christianity,6,0.0,1.0,1.0,0.8333333333333334,train,0.8333333333333334
BZ-023,eastern-christianity,6,0.6666666666666666,0.75,0.0833333333333333,0.9166666666666666,holdout,0.25
BZ-024,eastern-christianity,6,-1.0,0.9166666666666666,1.9166666666666667,0.9166666666666666,train,1.9166666666666665
BZ-025,eastern-christianity,6,-1.0,-0.4166666666666667,0.5833333333333334,-0.4166666666666667,train,0.5833333333333333
BZ-026,eastern-christianity,6,0.1666666666666666,1.0,0.8333333333333334,1.0,holdout,0.8333333333333334
BZ-027,eastern-christianity,6,-1.0,-0.6666666666666666,0.3333333333333333,0.3333333333333333,train,1.3333333333333333
BZ-028,eastern-christianity,6,-0.3333333333333333,0.9166666666666666,1.25,0.4166666666666667,train,0.75
BZ-029,eastern-christianity,6,-0.25,1.0,1.25,0.75,holdout,1.0
BZ-030,eastern-christianity,6,-0.8333333333333334,0.5833333333333334,1.4166666666666667,0.8333333333333334,train,1.6666666666666667
BZ-031,eastern-christianity,6,-1.0,1.0,2.0,0.9166666666666666,train,1.9166666666666665
BZ-032,eastern-christianity,6,-1.0,1.0,2.0,0.5833333333333334,train,1.5833333333333335
BZ-033,eastern-christianity,5,-1.0,0.5,1.5,0.6666666666666666,train,1.6666666666666665
BZ-034,eastern-christianity,6,-0.1666666666666666,0.8333333333333334,1.0,0.9166666666666666,holdout,1.0833333333333333
BZ-035,eastern-christianity,5,-1.0,0.0833333333333333,1.0833333333333333,0.25,holdout,1.25
BZ-036,eastern-christianity,5,-1.0,0.3333333333333333,1.3333333333333333,0.0,train,1.0
BZ-037,eastern-christianity,6,0.0833333333333333,0.9166666666666666,0.8333333333333334,0.9166666666666666,holdout,0.8333333333333334
BZ-038,eastern-christianity,6,-1.0,0.0,1.0,0.75,holdout,1.75
BZ-039,eastern-christianity,6,0.25,0.75,0.5,0.8333333333333334,holdout,0.5833333333333334
BZ-040,eastern-christianity,6,0.0833333333333333,0.9166666666666666,0.8333333333333334,0.75,holdout,0.6666666666666667
BZ-041,eastern-christianity,5,0.3333333333333333,0.6666666666666666,0.3333333333333333,0.6666666666666666,holdout,0.3333333333333333
BZ-042,eastern-christianity,6,-0.1666666666666666,0.75,0.9166666666666666,0.9166666666666666,train,1.0833333333333333
BZ-043,eastern-christianity,6,0.0,1.0,1.0,1.0,holdout,1.0
BZ-044,eastern-christianity,6,-0.5,0.6666666666666666,1.1666666666666667,0.6666666666666666,train,1.1666666666666665
BZ-045,eastern-christianity,6,0.5,1.0,0.5,1.0,train,0.5
BZ-046,eastern-christianity,6,-0.3333333333333333,0.5833333333333334,0.9166666666666666,0.6666666666666666,holdout,1.0
BZ-047,eastern-christianity,6,-1.0,1.0,2.0,1.0,holdout,2.0
BZ-048,eastern-christianity,6,0.0833333333333333,0.8333333333333334,0.75,0.3333333333333333,train,0.25
BZ-049,eastern-christianity,6,-0.3333333333333333,0.4166666666666667,0.75,0.9166666666666666,train,1.25
BZ-050,eastern-christianity,5,-1.0,0.3333333333333333,1.3333333333333333,0.8333333333333334,train,1.8333333333333335
BZ-051,eastern-christianity,6,-0.5,0.4166666666666667,0.9166666666666666,0.3333333333333333,train,0.8333333333333333
BZ-052,eastern-christianity,6,-1.0,0.8333333333333334,1.8333333333333333,1.0,train,2.0
BZ-053,eastern-christianity,6,0.0833333333333333,1.0,0.9166666666666666,1.0,holdout,0.9166666666666667
BZ-054,eastern-christianity,6,-0.5,1.0,1.5,1.0,train,1.5
BZ-055,eastern-christianity,6,-1.0,1.0,2.0,1.0,holdout,2.0
BZ-056,eastern-christianity,6,-0.25,1.0,1.25,1.0,holdout,1.25
BZ-057,eastern-christianity,6,0.25,1.0,0.75,1.0,holdout,0.75
BZ-058,eastern-christianity,6,0.4166666666666667,1.0,0.5833333333333334,1.0,holdout,0.5833333333333333
BZ-059,eastern-christianity,6,0.0,1.0,1.0,1.0,train,1.0
BZ-060,eastern-christianity,6,-1.0,1.0,2.0,1.0,train,2.0
BZ-061,eastern-christianity,6,0.25,1.0,0.75,1.0,train,0.75
BZ-062,eastern-christianity,6,0.6666666666666666,1.0,0.3333333333333333,1.0,train,0.33333333333333337
BZ-063,eastern-christianity,6,0.3333333333333333,1.0,0.6666666666666666,1.0,train,0.6666666666666667
BZ-064,eastern-christianity,6,0.5,1.0,0.5,0.9166666666666666,holdout,0.41666666666666663
BZ-065,eastern-christianity,6,0.5833333333333334,1.0,0.4166666666666667,1.0,train,0.41666666666666663
BZ-066,eastern-christianity,5,-1.0,1.0,2.0,1.0,train,2.0
BZ-067,eastern-christianity,6,-1.0,1.0,2.0,1.0,holdout,2.0
BZ-068,eastern-christianity,6,-1.0,1.0,2.0,1.0,train,2.0
BZ-069,eastern-christianity,6,-0.0833333333333333,1.0,1.0833333333333333,1.0,train,1.0833333333333333
BZ-070,eastern-christianity,6,-1.0,1.0,2.0,0.75,train,1.75
BZ-071,eastern-christianity,6,-0.3333333333333333,1.0,1.3333333333333333,1.0,holdout,1.3333333333333333
BZ-072,eastern-christianity,6,1.0,1.0,0.0,1.0,holdout,0.0
BZ-073,eastern-christianity,6,-1.0,1.0,2.0,1.0,train,2.0
BZ-074,eastern-christianity,6,-0.3333333333333333,1.0,1.3333333333333333,1.0,holdout,1.3333333333333333
BZ-075,eastern-christianity,6,0.3333333333333333,1.0,0.6666666666666666,1.0,holdout,0.6666666666666667
BZ-076,eastern-christianity,6,-0.6666666666666666,0.9166666666666666,1.5833333333333333,0.9166666666666666,train,1.5833333333333333
BZ-077,eastern-christianity,6,0.25,0.9166666666666666,0.6666666666666666,0.9166666666666666,holdout,0.6666666666666666
BZ-078,eastern-christianity,6,-0.4166666666666667,1.0,1.4166666666666667,0.6666666666666666,holdout,1.0833333333333333
BZ-079,eastern-christianity,6,-1.0,0.9166666666666666,1.9166666666666667,0.08333333333333333,train,1.0833333333333333
BZ-080,eastern-christianity,6,0.25,1.0,0.75,1.0,holdout,0.75
BZ-081,eastern-christianity,6,0.5833333333333334,0.4166666666666667,-0.1666666666666666,0.75,train,0.16666666666666663
BZ-082,eastern-christianity,6,-1.0,1.0,2.0,1.0,train,2.0
BZ-083,eastern-christianity,6,-1.0,0.9166666666666666,1.9166666666666667,0.9166666666666666,holdout,1.9166666666666665
BZ-084,eastern-christianity,6,0.5,0.9166666666666666,0.4166666666666667,1.0,holdout,0.5
BZ-085,eastern-christianity,5,-1.0,0.6666666666666666,1.6666666666666667,0.5,holdout,1.5
BZ-086,eastern-christianity,6,0.5,1.0,0.5,0.9166666666666666,holdout,0.41666666666666663
BZ-087,eastern-christianity,6,0.9166666666666666,1.0,0.0833333333333333,1.0,holdout,0.08333333333333337
BZ-088,eastern-christianity,6,-0.1666666666666666,0.9166666666666666,1.0833333333333333,0.9166666666666666,holdout,1.0833333333333333
BZ-089,eastern-christianity,6,0.5,1.0,0.5,1.0,train,0.5
BZ-090,eastern-christianity,6,0.0,0.6666666666666666,0.6666666666666666,0.5,holdout,0.5
BZ-091,eastern-christianity,6,-0.1666666666666666,1.0,1.1666666666666667,1.0,holdout,1.1666666666666665
BZ-092,eastern-christianity,6,0.6666666666666666,1.0,0.3333333333333333,1.0,holdout,0.33333333333333337
BZ-093,eastern-christianity,6,-1.0,1.0,2.0,1.0,train,2.0
BZ-094,eastern-christianity,6,0.4166666666666667,1.0,0.5833333333333334,1.0,holdout,0.5833333333333333
BZ-095,eastern-christianity,6,0.25,1.0,0.75,1.0,train,0.75
BZ-096,eastern-christianity,6,0.25,1.0,0.75,1.0,train,0.75
BZ-097,eastern-christianity,6,-1.0,1.0,2.0,1.0,holdout,2.0
BZ-098,eastern-christianity,6,-0.75,0.8333333333333334,1.5833333333333333,0.8333333333333334,holdout,1.5833333333333335
BZ-099,eastern-christianity,6,0.75,1.0,0.25,1.0,train,0.25
BZ-100,eastern-christianity,2,-1.0,0.3333333333333333,1.3333333333333333,0.0,train,1.0
BZ-101,eastern-christianity,6,0.5833333333333334,1.0,0.4166666666666667,1.0,holdout,0.41666666666666663
BZ-102,eastern-christianity,6,-0.5,1.0,1.5,1.0,holdout,1.5
BZ-103,eastern-christianity,6,0.4166666666666667,1.0,0.5833333333333334,1.0,holdout,0.5833333333333333
BZ-104,eastern-christianity,6,0.0833333333333333,1.0,0.9166666666666666,1.0,train,0.9166666666666667
BZ-105,eastern-christianity,6,-1.0,1.0,2.0,1.0,train,2.0
BZ-106,eastern-christianity,6,1.0,1.0,0.0,0.9166666666666666,train,-0.08333333333333337
COR-001,roman-catholicism,6,0.0,0.8333333333333334,0.8333333333333334,0.5833333333333334,train,0.5833333333333334
COR-002,roman-catholicism,5,-1.0,0.3333333333333333,1.3333333333333333,0.0,holdout,1.0
COR-003,roman-catholicism,6,-0.8333333333333334,1.0,1.8333333333333333,0.8333333333333334,train,1.6666666666666667
COR-004,roman-catholicism,5,-0.6666666666666666,0.9166666666666666,1.5833333333333333,1.0,train,1.6666666666666665
COR-005,roman-catholicism,6,-1.0,0.9166666666666666,1.9166666666666667,0.9166666666666666,holdout,1.9166666666666665
COR-006,roman-catholicism,5,-1.0,0.6666666666666666,1.6666666666666667,0.6666666666666666,holdout,1.6666666666666665
COR-007,roman-catholicism,2,-1.0,-0.3333333333333333,0.6666666666666666,-0.4166666666666667,holdout,0.5833333333333333
COR-008,roman-catholicism,6,-1.0,1.0,2.0,1.0,holdout,2.0
COR-009,roman-catholicism,4,-0.4166666666666667,0.1666666666666666,0.5833333333333334,0.6666666666666666,holdout,1.0833333333333333
COR-010,roman-catholicism,6,-1.0,0.6666666666666666,1.6666666666666667,0.6666666666666666,holdout,1.6666666666666665
COR-011,roman-catholicism,6,0.0833333333333333,1.0,0.9166666666666666,1.0,train,0.9166666666666667
COR-012,roman-catholicism,6,-1.0,0.9166666666666666,1.9166666666666667,0.9166666666666666,holdout,1.9166666666666665
COR-013,roman-catholicism,6,-0.6666666666666666,0.0833333333333333,0.75,0.08333333333333333,holdout,0.75
COR-014,roman-catholicism,6,0.0833333333333333,1.0,0.9166666666666666,0.9166666666666666,holdout,0.8333333333333334
COR-015,roman-catholicism,5,-1.0,-0.4166666666666667,0.5833333333333334,-0.3333333333333333,train,0.6666666666666667
COR-016,roman-catholicism,6,0.5833333333333334,0.6666666666666666,0.0833333333333333,1.0,train,0.41666666666666663
COR-017,roman-catholicism,6,1.0,1.0,0.0,0.9166666666666666,holdout,-0.08333333333333337
COR-018,roman-catholicism,6,0.5833333333333334,1.0,0.4166666666666667,1.0,train,0.41666666666666663
COR-019,roman-catholicism,4,-1.0,1.0,2.0,0.6666666666666666,holdout,1.6666666666666665
COR-020,roman-catholicism,6,-1.0,0.6666666666666666,1.6666666666666667,0.9166666666666666,holdout,1.9166666666666665
COR-021,roman-catholicism,6,0.0,1.0,1.0,1.0,holdout,1.0
COR-022,roman-catholicism,1,-1.0,-0.6666666666666666,0.3333333333333333,-0.6666666666666666,holdout,0.33333333333333337
COR-023,roman-catholicism,4,-1.0,0.0833333333333333,1.0833333333333333,0.25,train,1.25
COR-024,roman-catholicism,6,-1.0,1.0,2.0,1.0,train,2.0
COR-025,roman-catholicism,4,-1.0,0.25,1.25,0.3333333333333333,train,1.3333333333333333
COR-026,roman-catholicism,5,-1.0,1.0,2.0,1.0,train,2.0
COR-027,roman-catholicism,2,-1.0,-0.75,0.25,-1.0,holdout,0.0
COR-028,roman-catholicism,3,-0.1666666666666666,0.3333333333333333,0.5,0.6666666666666666,holdout,0.8333333333333333
COR-029,roman-catholicism,6,-1.0,1.0,2.0,1.0,holdout,2.0
COR-030,roman-catholicism,6,-1.0,1.0,2.0,1.0,train,2.0
COR-031,roman-catholicism,6,-1.0,1.0,2.0,1.0,holdout,2.0
COR-032,roman-catholicism,4,-1.0,0.5,1.5,1.0,holdout,2.0
COR-033,roman-catholicism,6,-1.0,1.0,2.0,1.0,train,2.0
COR-034,roman-catholicism,6,-1.0,1.0,2.0,1.0,train,2.0
COR-035,roman-catholicism,5,-1.0,0.6666666666666666,1.6666666666666667,0.6666666666666666,train,1.6666666666666665
COR-036,roman-catholicism,1,-1.0,-0.5,0.5,-0.5,holdout,0.5
COR-037,roman-catholicism,6,-1.0,1.0,2.0,0.9166666666666666,holdout,1.9166666666666665
COR-038,roman-catholicism,6,-1.0,0.6666666666666666,1.6666666666666667,1.0,train,2.0
COR-039,roman-catholicism,6,0.5,1.0,0.5,1.0,holdout,0.5
COR-040,roman-catholicism,6,-0.0833333333333333,1.0,1.0833333333333333,0.9166666666666666,holdout,0.9999999999999999
COR-041,roman-catholicism,6,0.0,0.5833333333333334,0.5833333333333334,0.8333333333333334,train,0.8333333333333334
COR-042,roman-catholicism,4,-1.0,0.5,1.5,0.6666666666666666,train,1.6666666666666665
COR-043,roman-catholicism,6,-1.0,0.9166666666666666,1.9166666666666667,0.8333333333333334,train,1.8333333333333335
COR-044,roman-catholicism,4,-0.5833333333333334,0.6666666666666666,1.25,0.6666666666666666,train,1.25
COR-045,roman-catholicism,6,-0.0833333333333333,1.0,1.0833333333333333,1.0,train,1.0833333333333333
COR-046,roman-catholicism,6,-0.1666666666666666,0.6666666666666666,0.8333333333333334,0.5833333333333334,holdout,0.75
COR-047,roman-catholicism,6,-0.3333333333333333,0.25,0.5833333333333334,0.3333333333333333,holdout,0.6666666666666666
COR-048,roman-catholicism,5,-1.0,0.8333333333333334,1.8333333333333333,1.0,train,2.0
COR-049,roman-catholicism,4,-1.0,-0.0833333333333333,0.9166666666666666,1.0,train,2.0
COR-050,roman-catholicism,6,0.5833333333333334,1.0,0.4166666666666667,1.0,train,0.41666666666666663
COR-051,roman-catholicism,5,-0.5833333333333334,1.0,1.5833333333333333,1.0,train,1.5833333333333335
COR-052,roman-catholicism,6,-1.0,1.0,2.0,1.0,train,2.0
COR-053,roman-catholicism,6,-0.6666666666666666,0.5833333333333334,1.25,0.6666666666666666,holdout,1.3333333333333333
COR-054,roman-catholicism,6,0.3333333333333333,1.0,0.6666666666666666,1.0,holdout,0.6666666666666667
COR-055,roman-catholicism,4,-0.9166666666666666,-0.3333333333333333,0.5833333333333334,0.0,holdout,0.9166666666666666
COR-056,roman-catholicism,6,-1.0,0.9166666666666666,1.9166666666666667,0.8333333333333334,train,1.8333333333333335
COR-057,roman-catholicism,6,-0.6666666666666666,1.0,1.6666666666666667,1.0,holdout,1.6666666666666665
COR-058,roman-catholicism,6,1.0,1.0,0.0,1.0,holdout,0.0
COR-059,roman-catholicism,6,0.3333333333333333,0.6666666666666666,0.3333333333333333,1.0,holdout,0.6666666666666667
COR-060,roman-catholicism,6,-0.0833333333333333,0.6666666666666666,0.75,1.0,train,1.0833333333333333
COR-061,roman-catholicism,6,1.0,1.0,0.0,1.0,holdout,0.0
COR-062,roman-catholicism,2,-0.75,-0.3333333333333333,0.4166666666666667,-0.25,train,0.5
COR-063,roman-catholicism,5,-1.0,0.6666666666666666,1.6666666666666667,0.75,train,1.75
COR-064,roman-catholicism,4,-1.0,0.6666666666666666,1.6666666666666667,0.3333333333333333,holdout,1.3333333333333333
COR-065,roman-catholicism,4,0.4166666666666667,0.75,0.3333333333333333,0.8333333333333334,train,0.4166666666666667
COR-066,roman-catholicism,4,-0.3333333333333333,0.5,0.8333333333333334,0.08333333333333333,train,0.41666666666666663
COR-067,roman-catholicism,6,-1.0,0.3333333333333333,1.3333333333333333,0.8333333333333334,train,1.8333333333333335
COR-068,roman-catholicism,6,-0.25,0.5,0.75,0.5,holdout,0.75
COR-069,roman-catholicism,6,-0.3333333333333333,1.0,1.3333333333333333,1.0,train,1.3333333333333333
COR-070,roman-catholicism,6,-0.25,1.0,1.25,1.0,holdout,1.25
COR-071,roman-catholicism,4,-0.5833333333333334,0.25,0.8333333333333334,0.75,train,1.3333333333333335
COR-072,roman-catholicism,5,-1.0,-0.3333333333333333,0.6666666666666666,0.25,holdout,1.25
COR-073,roman-catholicism,6,-0.6666666666666666,0.8333333333333334,1.5,0.9166666666666666,train,1.5833333333333333
COR-074,roman-catholicism,5,0.0833333333333333,1.0,0.9166666666666666,0.9166666666666666,train,0.8333333333333334
COR-075,roman-catholicism,1,-0.6666666666666666,0.0,0.6666666666666666,-0.3333333333333333,holdout,0.3333333333333333
COR-076,roman-catholicism,6,-1.0,0.8333333333333334,1.8333333333333333,0.9166666666666666,train,1.9166666666666665
JLS-001,sunni-islam,6,0.0833333333333333,0.3333333333333333,0.25,0.8333333333333334,holdout,0.7500000000000001
JLS-002,sunni-islam,6,-1.0,0.9166666666666666,1.9166666666666667,0.9166666666666666,train,1.9166666666666665
JLS-003,sunni-islam,6,0.6666666666666666,1.0,0.3333333333333333,1.0,train,0.33333333333333337
JLS-004,sunni-islam,6,0.0,-0.6666666666666666,-0.6666666666666666,-1.0,holdout,-1.0
JLS-005,sunni-islam,5,-0.6666666666666666,0.0,0.6666666666666666,0.0,train,0.6666666666666666
JLS-006,sunni-islam,2,-1.0,-1.0,0.0,-1.0,train,0.0
JLS-007,sunni-islam,6,0.0,0.6666666666666666,0.6666666666666666,0.6666666666666666,train,0.6666666666666666
JLS-008,sunni-islam,6,0.1666666666666666,0.1666666666666666,0.0,0.9166666666666666,holdout,0.75
JLS-009,sunni-islam,6,0.0833333333333333,0.0833333333333333,0.0,0.16666666666666666,holdout,0.08333333333333336
JLS-010,sunni-islam,6,-0.0833333333333333,1.0,1.0833333333333333,1.0,train,1.0833333333333333
JLS-011,sunni-islam,6,0.3333333333333333,0.6666666666666666,0.3333333333333333,1.0,train,0.6666666666666667
JLS-012,sunni-islam,5,0.0,0.9166666666666666,0.9166666666666666,0.6666666666666666,holdout,0.6666666666666666
JLS-013,sunni-islam,6,0.4166666666666667,1.0,0.5833333333333334,1.0,holdout,0.5833333333333333
JLS-014,sunni-islam,4,-0.3333333333333333,0.0,0.3333333333333333,0.3333333333333333,holdout,0.6666666666666666
JLS-015,sunni-islam,6,-0.4166666666666667,0.6666666666666666,1.0833333333333333,1.0,train,1.4166666666666667
JLS-016,sunni-islam,2,-1.0,-0.6666666666666666,0.3333333333333333,-1.0,holdout,0.0
JLS-017,sunni-islam,5,-0.6666666666666666,0.6666666666666666,1.3333333333333333,0.6666666666666666,holdout,1.3333333333333333
JLS-018,sunni-islam,5,-1.0,0.25,1.25,0.08333333333333333,holdout,1.0833333333333333
JLS-019,sunni-islam,6,-0.25,1.0,1.25,1.0,holdout,1.25
JLS-020,sunni-islam,4,-0.8333333333333334,0.3333333333333333,1.1666666666666667,-0.5,holdout,0.33333333333333337
JLS-021,sunni-islam,6,-0.8333333333333334,1.0,1.8333333333333333,0.75,train,1.5833333333333335
JLS-022,sunni-islam,6,0.3333333333333333,0.0833333333333333,-0.25,0.5,train,0.16666666666666669
JLS-023,sunni-islam,4,-1.0,0.9166666666666666,1.9166666666666667,0.4166666666666667,holdout,1.4166666666666667
JLS-024,sunni-islam,3,-1.0,0.3333333333333333,1.3333333333333333,0.08333333333333333,train,1.0833333333333333
JLS-025,sunni-islam,6,-0.3333333333333333,1.0,1.3333333333333333,1.0,holdout,1.3333333333333333
JLS-026,sunni-islam,4,-1.0,-0.3333333333333333,0.6666666666666666,0.0,train,1.0
JLS-027,sunni-islam,4,0.3333333333333333,1.0,0.6666666666666666,0.9166666666666666,train,0.5833333333333333
JLS-028,sunni-islam,5,0.6666666666666666,0.6666666666666666,0.0,0.6666666666666666,train,0.0
JLS-029,sunni-islam,5,0.6666666666666666,1.0,0.3333333333333333,1.0,holdout,0.33333333333333337
JLS-030,sunni-islam,6,-0.1666666666666666,1.0,1.1666666666666667,0.08333333333333333,train,0.24999999999999994
JLS-031,sunni-islam,6,-1.0,0.6666666666666666,1.6666666666666667,1.0,train,2.0
JLS-032,sunni-islam,6,-0.5,0.3333333333333333,0.8333333333333334,0.9166666666666666,holdout,1.4166666666666665
JLS-033,sunni-islam,6,0.5833333333333334,1.0,0.4166666666666667,1.0,holdout,0.41666666666666663
JLS-034,sunni-islam,6,0.5,0.3333333333333333,-0.1666666666666666,0.5833333333333334,holdout,0.08333333333333337
JLS-035,sunni-islam,6,0.4166666666666667,1.0,0.5833333333333334,1.0,holdout,0.5833333333333333
JLS-036,sunni-islam,5,-1.0,0.3333333333333333,1.3333333333333333,0.6666666666666666,train,1.6666666666666665
JLS-037,sunni-islam,4,-1.0,0.3333333333333333,1.3333333333333333,1.0,holdout,2.0
JLS-038,sunni-islam,0,-1.0,-0.9166666666666666,0.0833333333333333,-0.6666666666666666,holdout,0.33333333333333337
JLS-039,sunni-islam,6,-1.0,-0.3333333333333333,0.6666666666666666,-0.9166666666666666,holdout,0.08333333333333337
JLS-040,sunni-islam,3,-1.0,-0.6666666666666666,0.3333333333333333,-0.75,holdout,0.25
JLS-041,sunni-islam,6,0.5,1.0,0.5,1.0,train,0.5
JLS-042,sunni-islam,6,0.6666666666666666,0.9166666666666666,0.25,0.6666666666666666,train,0.0
JLS-043,sunni-islam,4,-0.5833333333333334,0.0,0.5833333333333334,-0.6666666666666666,holdout,-0.08333333333333326
JLS-044,sunni-islam,5,-1.0,0.0833333333333333,1.0833333333333333,-0.16666666666666666,holdout,0.8333333333333334
JLS-045,sunni-islam,6,0.3333333333333333,0.3333333333333333,0.0,0.9166666666666666,train,0.5833333333333333
JLS-046,sunni-islam,5,-1.0,0.3333333333333333,1.3333333333333333,0.0,holdout,1.0
JLS-047,sunni-islam,6,0.25,1.0,0.75,1.0,train,0.75
JLS-048,sunni-islam,4,-1.0,-0.4166666666666667,0.5833333333333334,0.4166666666666667,train,1.4166666666666667
JLS-049,sunni-islam,6,-0.5833333333333334,1.0,1.5833333333333333,1.0,train,1.5833333333333335
JLS-050,sunni-islam,5,-1.0,0.0,1.0,0.08333333333333333,train,1.0833333333333333
JLS-051,sunni-islam,6,-0.6666666666666666,0.8333333333333334,1.5,0.6666666666666666,holdout,1.3333333333333333
JLS-052,sunni-islam,5,-0.8333333333333334,0.3333333333333333,1.1666666666666667,0.3333333333333333,train,1.1666666666666667
JLS-053,sunni-islam,4,-0.6666666666666666,-0.25,0.4166666666666667,0.5,train,1.1666666666666665
JLS-054,sunni-islam,5,0.5833333333333334,1.0,0.4166666666666667,0.9166666666666666,train,0.33333333333333326
JLS-055,sunni-islam,6,-0.75,1.0,1.75,1.0,train,1.75
JLS-056,sunni-islam,3,-1.0,-0.8333333333333334,0.1666666666666666,-0.5,holdout,0.5
JLS-057,sunni-islam,6,0.0833333333333333,0.6666666666666666,0.5833333333333334,0.16666666666666666,holdout,0.08333333333333336
JLS-058,sunni-islam,5,-0.6666666666666666,0.0,0.6666666666666666,0.0,holdout,0.6666666666666666
JLS-059,sunni-islam,3,-0.6666666666666666,0.25,0.9166666666666666,-0.4166666666666667,train,0.24999999999999994
JLS-060,sunni-islam,6,0.0,0.75,0.75,0.5833333333333334,train,0.5833333333333334
JLS-061,sunni-islam,0,-1.0,-0.6666666666666666,0.3333333333333333,-0.75,train,0.25
JLS-062,sunni-islam,4,-0.6666666666666666,-0.0833333333333333,0.5833333333333334,0.0,holdout,0.6666666666666666
JLS-063,sunni-islam,5,0.0,0.6666666666666666,0.6666666666666666,0.6666666666666666,train,0.6666666666666666
JLS-064,sunni-islam,0,-1.0,-0.3333333333333333,0.6666666666666666,-0.6666666666666666,holdout,0.33333333333333337
JLS-065,sunni-islam,6,0.0833333333333333,0.5833333333333334,0.5,0.75,train,0.6666666666666667
JLS-066,sunni-islam,4,-1.0,0.0833333333333333,1.0833333333333333,0.08333333333333333,holdout,1.0833333333333333
JLS-067,sunni-islam,6,-0.8333333333333334,0.75,1.5833333333333333,0.5,train,1.3333333333333335
JLS-068,sunni-islam,6,-0.5,0.3333333333333333,0.8333333333333334,0.6666666666666666,train,1.1666666666666665
JLS-069,sunni-islam,6,-1.0,1.0,2.0,1.0,train,2.0
JLS-070,sunni-islam,3,-0.6666666666666666,-1.0,-0.3333333333333333,-0.08333333333333333,train,0.5833333333333333
JLS-071,sunni-islam,3,-1.0,-1.0,0.0,-0.6666666666666666,holdout,0.33333333333333337
JLS-072,sunni-islam,5,0.1666666666666666,0.5,0.3333333333333333,0.3333333333333333,holdout,0.1666666666666667
JLS-073,sunni-islam,6,0.6666666666666666,0.3333333333333333,-0.3333333333333333,1.0,holdout,0.33333333333333337
JLS-074,sunni-islam,5,-0.5,-0.8333333333333334,-0.3333333333333333,-0.5833333333333334,train,-0.08333333333333337
JLS-075,sunni-islam,6,-0.3333333333333333,0.75,1.0833333333333333,0.08333333333333333,holdout,0.41666666666666663
JLS-076,sunni-islam,0,-1.0,-0.75,0.25,-1.0,holdout,0.0
JLS-077,sunni-islam,3,-1.0,-0.3333333333333333,0.6666666666666666,0.0,holdout,1.0
JLS-078,sunni-islam,6,-0.9166666666666666,1.0,1.9166666666666667,1.0,holdout,1.9166666666666665
JLS-079,sunni-islam,1,-1.0,-0.75,0.25,-0.75,holdout,0.25
JLS-080,sunni-islam,5,-0.3333333333333333,0.6666666666666666,1.0,0.5,holdout,0.8333333333333333
JLS-081,sunni-islam,6,0.0833333333333333,0.6666666666666666,0.5833333333333334,0.9166666666666666,train,0.8333333333333334
JLS-082,sunni-islam,3,-0.5833333333333334,-0.1666666666666666,0.4166666666666667,0.16666666666666666,train,0.75
JLS-083,sunni-islam,1,-1.0,-1.0,0.0,-1.0,train,0.0
JLS-084,sunni-islam,6,0.75,0.8333333333333334,0.0833333333333333,0.9166666666666666,train,0.16666666666666663
JLS-085,sunni-islam,6,0.3333333333333333,0.6666666666666666,0.3333333333333333,1.0,holdout,0.6666666666666667
JLS-086,sunni-islam,4,0.0,0.0,0.0,0.3333333333333333,holdout,0.3333333333333333
JLS-087,sunni-islam,6,0.0833333333333333,0.0,-0.0833333333333333,0.3333333333333333,train,0.25
JLS-088,sunni-islam,6,-1.0,0.8333333333333334,1.8333333333333333,0.6666666666666666,train,1.6666666666666665
JLS-089,sunni-islam,0,-1.0,-0.6666666666666666,0.3333333333333333,-0.6666666666666666,train,0.33333333333333337
JLS-090,sunni-islam,1,-1.0,-0.3333333333333333,0.6666666666666666,-0.3333333333333333,train,0.6666666666666667
JLS-091,sunni-islam,3,-0.8333333333333334,0.25,1.0833333333333333,0.0,holdout,0.8333333333333334
JLS-092,sunni-islam,6,0.0,0.6666666666666666,0.6666666666666666,0.6666666666666666,holdout,0.6666666666666666
JLS-093,sunni-islam,6,0.6666666666666666,1.0,0.3333333333333333,0.6666666666666666,train,0.0
JLS-094,sunni-islam,0,-1.0,-0.75,0.25,-1.0,train,0.0
JLS-095,sunni-islam,5,-0.3333333333333333,0.3333333333333333,0.6666666666666666,0.4166666666666667,holdout,0.75
JLS-096,sunni-islam,1,-0.75,-0.75,0.0,-0.4166666666666667,train,0.3333333333333333
JLS-097,sunni-islam,4,-1.0,0.3333333333333333,1.3333333333333333,0.6666666666666666,train,1.6666666666666665
JLS-098,sunni-islam,5,-1.0,0.1666666666666666,1.1666666666666667,-0.08333333333333333,holdout,0.9166666666666666
JLS-099,sunni-islam,5,-0.6666666666666666,-0.5,0.1666666666666666,-0.75,train,-0.08333333333333337
JLS-100,sunni-islam,6,0.1666666666666666,0.1666666666666666,0.0,0.16666666666666666,train,5.551115123125783e-17
JLS-101,sunni-islam,5,0.3333333333333333,0.3333333333333333,0.0,1.0,train,0.6666666666666667
JLS-102,sunni-islam,6,-0.75,0.75,1.5,1.0,train,1.75
JLS-103,sunni-islam,6,-0.9166666666666666,0.9166666666666666,1.8333333333333333,-0.08333333333333333,holdout,0.8333333333333333
JLS-104,sunni-islam,6,-0.25,0.5833333333333334,0.8333333333333334,1.0,train,1.25
JLS-105,sunni-islam,6,-0.5833333333333334,0.9166666666666666,1.5,0.9166666666666666,holdout,1.5
JLS-106,sunni-islam,3,-1.0,-0.6666666666666666,0.3333333333333333,-0.08333333333333333,holdout,0.9166666666666666
JLS-107,sunni-islam,6,-0.3333333333333333,0.75,1.0833333333333333,0.8333333333333334,holdout,1.1666666666666667
JLS-108,sunni-islam,5,-1.0,0.4166666666666667,1.4166666666666667,0.6666666666666666,holdout,1.6666666666666665
JLS-109,sunni-islam,1,-1.0,-0.5833333333333334,0.4166666666666667,0.0,train,1.0
JLS-110,sunni-islam,6,-0.3333333333333333,0.6666666666666666,1.0,0.8333333333333334,holdout,1.1666666666666667
JLS-111,sunni-islam,5,-0.1666666666666666,0.3333333333333333,0.5,0.5833333333333334,train,0.75
JLS-112,sunni-islam,5,-1.0,1.0,2.0,1.0,holdout,2.0
JLS-113,sunni-islam,6,0.3333333333333333,0.5,0.1666666666666666,-0.08333333333333333,train,-0.41666666666666663
JLS-114,sunni-islam,6,-1.0,0.6666666666666666,1.6666666666666667,1.0,holdout,2.0
JLS-115,sunni-islam,6,-1.0,0.3333333333333333,1.3333333333333333,0.08333333333333333,holdout,1.0833333333333333
JLS-116,sunni-islam,5,-1.0,0.0,1.0,-1.0,holdout,0.0
JLS-117,sunni-islam,0,-1.0,-1.0,0.0,-0.9166666666666666,train,0.08333333333333337
JLS-118,sunni-islam,3,-1.0,0.6666666666666666,1.6666666666666667,1.0,train,2.0
JLS-119,sunni-islam,5,-0.8333333333333334,0.9166666666666666,1.75,0.3333333333333333,holdout,1.1666666666666667
JLS-120,sunni-islam,2,-1.0,0.0,1.0,0.3333333333333333,train,1.3333333333333333
JLS-121,sunni-islam,6,-1.0,1.0,2.0,1.0,train,2.0
JLS-122,sunni-islam,6,-1.0,-0.1666666666666666,0.8333333333333334,-0.4166666666666667,holdout,0.5833333333333333
JLS-123,sunni-islam,6,-1.0,0.6666666666666666,1.6666666666666667,1.0,train,2.0
JLS-124,sunni-islam,6,-0.3333333333333333,1.0,1.3333333333333333,1.0,train,1.3333333333333333
JLS-125,sunni-islam,6,0.6666666666666666,1.0,0.3333333333333333,1.0,train,0.33333333333333337
JLS-126,sunni-islam,2,-1.0,-1.0,0.0,-0.6666666666666666,holdout,0.33333333333333337
JLS-127,sunni-islam,6,-0.0833333333333333,0.6666666666666666,0.75,0.5,holdout,0.5833333333333333
JLS-128,sunni-islam,2,-1.0,-0.6666666666666666,0.3333333333333333,-1.0,holdout,0.0
JLS-129,sunni-islam,5,1.0,1.0,0.0,1.0,holdout,0.0
JLS-130,sunni-islam,6,0.0,0.3333333333333333,0.3333333333333333,0.6666666666666666,train,0.6666666666666666
JLS-131,sunni-islam,6,-0.8333333333333334,0.25,1.0833333333333333,0.16666666666666666,train,1.0
JLS-132,sunni-islam,3,-0.5,0.25,0.75,0.08333333333333333,train,0.5833333333333334
JLS-133,sunni-islam,3,-1.0,-1.0,0.0,-1.0,holdout,0.0
JLS-134,sunni-islam,6,0.25,0.5833333333333334,0.3333333333333333,1.0,holdout,0.75
JLS-135,sunni-islam,1,-1.0,-0.8333333333333334,0.1666666666666666,-0.5833333333333334,holdout,0.41666666666666663
JLS-136,sunni-islam,0,-1.0,-1.0,0.0,-1.0,train,0.0
JLS-137,sunni-islam,0,-1.0,-1.0,0.0,-1.0,holdout,0.0
JLS-138,sunni-islam,3,-1.0,-0.3333333333333333,0.6666666666666666,-1.0,train,0.0
JLS-139,sunni-islam,6,-0.3333333333333333,0.75,1.0833333333333333,0.4166666666666667,holdout,0.75
JLS-140,sunni-islam,6,-0.1666666666666666,-0.5833333333333334,-0.4166666666666667,-0.5833333333333334,holdout,-0.41666666666666674
MSR-001,judaism,6,0.1666666666666666,0.3333333333333333,0.1666666666666666,0.16666666666666666,train,5.551115123125783e-17
MSR-002,judaism,5,-0.3333333333333333,0.5833333333333334,0.9166666666666666,0.75,train,1.0833333333333333
MSR-003,judaism,3,-1.0,0.0,1.0,0.0,holdout,1.0
MSR-004,judaism,6,-1.0,0.4166666666666667,1.4166666666666667,0.6666666666666666,train,1.6666666666666665
MSR-005,judaism,6,-0.25,0.8333333333333334,1.0833333333333333,0.16666666666666666,holdout,0.41666666666666663
MSR-006,judaism,6,-1.0,1.0,2.0,1.0,holdout,2.0
MSR-007,judaism,3,-1.0,1.0,2.0,0.9166666666666666,holdout,1.9166666666666665
MSR-008,judaism,6,-0.4166666666666667,0.3333333333333333,0.75,0.5,train,0.9166666666666667
MSR-009,judaism,6,-0.1666666666666666,-0.5,-0.3333333333333333,-0.8333333333333334,holdout,-0.6666666666666667
MSR-010,judaism,6,0.3333333333333333,0.9166666666666666,0.5833333333333334,0.3333333333333333,holdout,0.0
MSR-011,judaism,6,0.5833333333333334,1.0,0.4166666666666667,0.75,holdout,0.16666666666666663
MSR-012,judaism,6,0.9166666666666666,1.0,0.0833333333333333,1.0,train,0.08333333333333337
MSR-013,judaism,6,-0.25,0.0833333333333333,0.3333333333333333,0.0,train,0.25
MSR-014,judaism,6,0.1666666666666666,0.3333333333333333,0.1666666666666666,0.75,holdout,0.5833333333333334
MSR-015,judaism,6,0.0833333333333333,0.5,0.4166666666666667,0.3333333333333333,train,0.25
MSR-016,judaism,6,0.5,0.5833333333333334,0.0833333333333333,0.16666666666666666,holdout,-0.33333333333333337
MSR-017,judaism,6,-1.0,1.0,2.0,0.9166666666666666,train,1.9166666666666665
MSR-018,judaism,6,0.4166666666666667,-0.5833333333333334,-1.0,-0.75,holdout,-1.1666666666666667
MSR-019,judaism,5,0.6666666666666666,0.3333333333333333,-0.3333333333333333,0.8333333333333334,holdout,0.16666666666666674
MSR-020,judaism,6,-0.3333333333333333,1.0,1.3333333333333333,1.0,holdout,1.3333333333333333
MSR-021,judaism,6,0.6666666666666666,0.5833333333333334,-0.0833333333333333,0.6666666666666666,holdout,0.0
MSR-022,judaism,0,-1.0,-1.0,0.0,-1.0,train,0.0
MSR-023,judaism,4,0.3333333333333333,1.0,0.6666666666666666,0.75,train,0.4166666666666667
MSR-024,judaism,6,1.0,1.0,0.0,1.0,holdout,0.0
MSR-025,judaism,6,-1.0,0.9166666666666666,1.9166666666666667,1.0,train,2.0
MSR-026,judaism,6,0.6666666666666666,1.0,0.3333333333333333,1.0,train,0.33333333333333337
MSR-027,judaism,6,-0.4166666666666667,1.0,1.4166666666666667,0.6666666666666666,holdout,1.0833333333333333
MSR-028,judaism,6,0.4166666666666667,1.0,0.5833333333333334,1.0,holdout,0.5833333333333333
MSR-029,judaism,6,0.3333333333333333,0.6666666666666666,0.3333333333333333,1.0,holdout,0.6666666666666667
MSR-030,judaism,6,0.3333333333333333,1.0,0.6666666666666666,1.0,train,0.6666666666666667
MSR-031,judaism,6,0.6666666666666666,1.0,0.3333333333333333,1.0,train,0.33333333333333337
MSR-032,judaism,6,-0.0833333333333333,1.0,1.0833333333333333,0.6666666666666666,holdout,0.7499999999999999
MSR-033,judaism,6,1.0,0.9166666666666666,-0.0833333333333333,1.0,train,0.0
MSR-034,judaism,6,0.1666666666666666,0.6666666666666666,0.5,0.3333333333333333,holdout,0.1666666666666667
MSR-035,judaism,4,-1.0,-0.3333333333333333,0.6666666666666666,-0.3333333333333333,holdout,0.6666666666666667
MSR-036,judaism,6,-1.0,0.0833333333333333,1.0833333333333333,0.25,holdout,1.25
MSR-037,judaism,6,-1.0,1.0,2.0,1.0,train,2.0
MSR-038,judaism,6,-0.0833333333333333,0.5833333333333334,0.6666666666666666,0.25,train,0.3333333333333333
MSR-039,judaism,6,-0.1666666666666666,0.5,0.6666666666666666,-0.3333333333333333,holdout,-0.1666666666666667
MSR-040,judaism,6,0.3333333333333333,0.6666666666666666,0.3333333333333333,0.6666666666666666,train,0.3333333333333333
MSR-041,judaism,6,0.25,1.0,0.75,1.0,train,0.75
MSR-042,judaism,6,-0.3333333333333333,1.0,1.3333333333333333,1.0,holdout,1.3333333333333333
MSR-043,judaism,6,-0.25,0.9166666666666666,1.1666666666666667,0.8333333333333334,train,1.0833333333333335
MSR-044,judaism,5,-0.6666666666666666,0.3333333333333333,1.0,0.5833333333333334,train,1.25
MSR-045,judaism,6,0.25,0.5,0.25,0.5833333333333334,train,0.33333333333333337
MSR-046,judaism,6,-0.5,0.6666666666666666,1.1666666666666667,0.75,holdout,1.25
MSR-047,judaism,6,-1.0,1.0,2.0,0.9166666666666666,train,1.9166666666666665
MSR-048,judaism,6,-1.0,1.0,2.0,1.0,train,2.0
SPH-001,secular-sage,6,0.3333333333333333,0.6666666666666666,0.3333333333333333,1.0,train,0.6666666666666667
SPH-002,secular-sage,6,0.3333333333333333,1.0,0.6666666666666666,0.8333333333333334,train,0.5
SPH-003,secular-sage,2,-0.5833333333333334,-0.5,0.0833333333333333,-0.25,holdout,0.33333333333333337
SPH-004,secular-sage,6,1.0,0.9166666666666666,-0.0833333333333333,1.0,train,0.0
SPH-005,secular-sage,5,-0.3333333333333333,0.5833333333333334,0.9166666666666666,0.0,holdout,0.3333333333333333
SPH-006,secular-sage,6,0.6666666666666666,1.0,0.3333333333333333,1.0,holdout,0.33333333333333337
SPH-007,secular-sage,6,-0.3333333333333333,0.6666666666666666,1.0,0.9166666666666666,holdout,1.25
SPH-008,secular-sage,6,0.4166666666666667,1.0,0.5833333333333334,1.0,holdout,0.5833333333333333
SPH-009,secular-sage,6,-1.0,1.0,2.0,1.0,holdout,2.0
SPH-010,secular-sage,5,0.5,1.0,0.5,0.75,holdout,0.25
SPH-011,secular-sage,5,-0.5,0.75,1.25,1.0,holdout,1.5
SPH-012,secular-sage,6,1.0,1.0,0.0,1.0,train,0.0
SPH-013,secular-sage,6,0.9166666666666666,1.0,0.0833333333333333,1.0,train,0.08333333333333337
SPH-014,secular-sage,6,0.5833333333333334,1.0,0.4166666666666667,1.0,holdout,0.41666666666666663
SPH-015,secular-sage,6,-0.0833333333333333,0.6666666666666666,0.75,0.5,train,0.5833333333333333
SPH-016,secular-sage,6,0.4166666666666667,0.9166666666666666,0.5,0.6666666666666666,train,0.24999999999999994
SPH-017,secular-sage,6,0.9166666666666666,1.0,0.0833333333333333,0.9166666666666666,train,0.0
SPH-018,secular-sage,6,0.8333333333333334,0.9166666666666666,0.0833333333333333,1.0,holdout,0.16666666666666663
SPH-019,secular-sage,6,0.9166666666666666,1.0,0.0833333333333333,1.0,holdout,0.08333333333333337
SPH-020,secular-sage,0,0.0833333333333333,0.25,0.1666666666666666,0.16666666666666666,holdout,0.08333333333333336
SPH-021,secular-sage,5,-0.6666666666666666,0.6666666666666666,1.3333333333333333,1.0,holdout,1.6666666666666665
SPH-022,secular-sage,6,-0.6666666666666666,0.6666666666666666,1.3333333333333333,0.6666666666666666,train,1.3333333333333333
SPH-023,secular-sage,6,-0.5,1.0,1.5,1.0,train,1.5
SPH-024,secular-sage,5,-0.3333333333333333,1.0,1.3333333333333333,1.0,holdout,1.3333333333333333
SPH-025,secular-sage,0,-0.8333333333333334,-0.1666666666666666,0.6666666666666666,-0.5833333333333334,train,0.25
SPH-026,secular-sage,2,-1.0,-0.3333333333333333,0.6666666666666666,0.3333333333333333,train,1.3333333333333333
SPH-027,secular-sage,6,1.0,1.0,0.0,0.6666666666666666,holdout,-0.33333333333333337
SPH-028,secular-sage,6,0.6666666666666666,1.0,0.3333333333333333,0.8333333333333334,holdout,0.16666666666666674
SPH-029,secular-sage,6,-0.6666666666666666,1.0,1.6666666666666667,1.0,holdout,1.6666666666666665
SPH-030,secular-sage,6,-1.0,0.9166666666666666,1.9166666666666667,0.9166666666666666,train,1.9166666666666665
SPH-031,secular-sage,6,-0.0833333333333333,0.8333333333333334,0.9166666666666666,0.8333333333333334,train,0.9166666666666666
SPH-032,secular-sage,6,-0.6666666666666666,0.75,1.4166666666666667,1.0,holdout,1.6666666666666665
SPH-033,secular-sage,6,0.3333333333333333,1.0,0.6666666666666666,0.6666666666666666,train,0.3333333333333333
SPH-034,secular-sage,6,0.3333333333333333,1.0,0.6666666666666666,1.0,holdout,0.6666666666666667
SPH-035,secular-sage,1,-0.5833333333333334,0.25,0.8333333333333334,0.75,holdout,1.3333333333333335
SPH-036,secular-sage,5,-0.3333333333333333,1.0,1.3333333333333333,1.0,holdout,1.3333333333333333
SPH-037,secular-sage,6,0.6666666666666666,1.0,0.3333333333333333,1.0,train,0.33333333333333337
SPH-038,secular-sage,6,1.0,1.0,0.0,0.6666666666666666,holdout,-0.33333333333333337
SPH-039,secular-sage,6,0.0,1.0,1.0,0.9166666666666666,train,0.9166666666666666
SPH-040,secular-sage,6,0.6666666666666666,0.9166666666666666,0.25,0.6666666666666666,holdout,0.0
SPH-041,secular-sage,6,1.0,1.0,0.0,1.0,train,0.0
SPH-042,secular-sage,6,0.0,0.8333333333333334,0.8333333333333334,0.75,train,0.75
SPH-043,secular-sage,5,0.6666666666666666,1.0,0.3333333333333333,1.0,holdout,0.33333333333333337
SPH-044,secular-sage,0,-0.5833333333333334,-0.5,0.0833333333333333,-0.5,train,0.08333333333333337
SPH-045,secular-sage,5,0.4166666666666667,0.75,0.3333333333333333,0.8333333333333334,train,0.4166666666666667
SPH-046,secular-sage,5,0.0,-0.0833333333333333,-0.0833333333333333,0.6666666666666666,train,0.6666666666666666
SPH-047,secular-sage,5,-0.5833333333333334,0.4166666666666667,1.0,1.0,holdout,1.5833333333333335
SPH-048,secular-sage,6,1.0,1.0,0.0,1.0,train,0.0
SPH-049,secular-sage,6,0.6666666666666666,1.0,0.3333333333333333,0.8333333333333334,train,0.16666666666666674
TAO-001,taoism,6,0.25,0.9166666666666666,0.6666666666666666,0.75,train,0.5
TAO-002,taoism,6,-0.5,0.5833333333333334,1.0833333333333333,0.5833333333333334,train,1.0833333333333335
TAO-003,taoism,5,0.6666666666666666,1.0,0.3333333333333333,1.0,holdout,0.33333333333333337
TAO-004,taoism,6,0.5,1.0,0.5,0.75,train,0.25
TAO-005,taoism,6,0.0,1.0,1.0,1.0,holdout,1.0
TAO-006,taoism,6,0.4166666666666667,0.5833333333333334,0.1666666666666666,0.6666666666666666,holdout,0.24999999999999994
TAO-007,taoism,6,0.6666666666666666,1.0,0.3333333333333333,1.0,holdout,0.33333333333333337
TAO-008,taoism,5,-0.25,0.5,0.75,0.0,train,0.25
TAO-009,taoism,6,0.25,1.0,0.75,1.0,holdout,0.75
TAO-010,taoism,6,0.0,0.6666666666666666,0.6666666666666666,0.6666666666666666,holdout,0.6666666666666666
TAO-011,taoism,6,1.0,1.0,0.0,1.0,holdout,0.0
TAO-012,taoism,6,0.5833333333333334,0.9166666666666666,0.3333333333333333,1.0,train,0.41666666666666663
TAO-013,taoism,6,0.0833333333333333,0.9166666666666666,0.8333333333333334,0.9166666666666666,train,0.8333333333333334
TAO-014,taoism,5,0.6666666666666666,0.6666666666666666,0.0,0.25,holdout,-0.41666666666666663
TAO-015,taoism,6,0.0,1.0,1.0,0.08333333333333333,train,0.08333333333333333
TAO-016,taoism,6,0.0,0.3333333333333333,0.3333333333333333,1.0,holdout,1.0
TAO-017,taoism,6,0.6666666666666666,1.0,0.3333333333333333,1.0,train,0.33333333333333337
TAO-018,taoism,6,0.4166666666666667,1.0,0.5833333333333334,1.0,holdout,0.5833333333333333
TAO-019,taoism,6,-0.5,0.6666666666666666,1.1666666666666667,0.5,holdout,1.0
TAO-020,taoism,6,0.8333333333333334,1.0,0.1666666666666666,0.9166666666666666,holdout,0.08333333333333326
TAO-021,taoism,6,-0.4166666666666667,0.1666666666666666,0.5833333333333334,0.4166666666666667,holdout,0.8333333333333334
TAO-022,taoism,4,-1.0,1.0,2.0,0.9166666666666666,train,1.9166666666666665
TAO-023,taoism,6,-1.0,0.75,1.75,0.5833333333333334,train,1.5833333333333335
TAO-024,taoism,6,0.4166666666666667,1.0,0.5833333333333334,0.6666666666666666,holdout,0.24999999999999994
TAO-025,taoism,6,1.0,1.0,0.0,1.0,train,0.0
TAO-026,taoism,6,-0.5,0.3333333333333333,0.8333333333333334,0.9166666666666666,train,1.4166666666666665
TAO-027,taoism,5,0.25,0.9166666666666666,0.6666666666666666,0.5,holdout,0.25
TAO-028,taoism,6,0.5,1.0,0.5,1.0,holdout,0.5
TAO-029,taoism,6,0.0833333333333333,1.0,0.9166666666666666,1.0,holdout,0.9166666666666667
TAO-030,taoism,6,0.4166666666666667,1.0,0.5833333333333334,0.3333333333333333,train,-0.08333333333333337
TAO-031,taoism,6,0.1666666666666666,1.0,0.8333333333333334,1.0,train,0.8333333333333334
TAO-032,taoism,3,-1.0,0.0,1.0,0.16666666666666666,holdout,1.1666666666666667
TAO-033,taoism,5,-0.4166666666666667,1.0,1.4166666666666667,0.3333333333333333,train,0.75
TAO-034,taoism,6,0.5833333333333334,1.0,0.4166666666666667,1.0,holdout,0.41666666666666663
TAO-035,taoism,5,0.1666666666666666,0.6666666666666666,0.5,0.6666666666666666,holdout,0.5
TAO-036,taoism,6,0.9166666666666666,0.8333333333333334,-0.0833333333333333,0.75,holdout,-0.16666666666666663
TAO-037,taoism,5,0.0,0.5833333333333334,0.5833333333333334,0.5833333333333334,train,0.5833333333333334
TAO-038,taoism,6,0.6666666666666666,0.75,0.0833333333333333,0.5833333333333334,train,-0.08333333333333326
TAO-039,taoism,5,0.1666666666666666,0.3333333333333333,0.1666666666666666,0.8333333333333334,holdout,0.6666666666666667
TAO-040,taoism,6,0.8333333333333334,1.0,0.1666666666666666,1.0,train,0.16666666666666663
TAO-041,taoism,4,0.25,0.4166666666666667,0.1666666666666666,0.16666666666666666,train,-0.08333333333333334
TAO-042,taoism,5,-0.6666666666666666,0.5833333333333334,1.25,0.75,holdout,1.4166666666666665
TAO-043,taoism,5,0.5833333333333334,0.6666666666666666,0.0833333333333333,1.0,train,0.41666666666666663
TAO-044,taoism,2,-1.0,0.5833333333333334,1.5833333333333333,0.0,train,1.0
TAO-045,taoism,5,0.6666666666666666,0.6666666666666666,0.0,1.0,train,0.33333333333333337
TAO-046,taoism,6,-0.75,0.8333333333333334,1.5833333333333333,0.9166666666666666,holdout,1.6666666666666665
TAO-047,taoism,5,0.5833333333333334,1.0,0.4166666666666667,1.0,train,0.41666666666666663
TAO-048,taoism,5,-0.0833333333333333,0.1666666666666666,0.25,0.0,train,0.0833333333333333
